[{"model": "admin.logentry", "pk": 1, "fields": {"action_time": "2025-06-28T05:14:34.508Z", "user": 1, "content_type": 13, "object_id": "1", "object_repr": "Resume", "action_flag": 1, "change_message": "[{\"added\": {}}]"}}, {"model": "admin.logentry", "pk": 2, "fields": {"action_time": "2025-06-28T05:14:48.466Z", "user": 1, "content_type": 13, "object_id": "2", "object_repr": "3x4 photo", "action_flag": 1, "change_message": "[{\"added\": {}}]"}}, {"model": "admin.logentry", "pk": 3, "fields": {"action_time": "2025-06-28T05:15:12.823Z", "user": 1, "content_type": 13, "object_id": "3", "object_repr": "Kopiya oq qora", "action_flag": 1, "change_message": "[{\"added\": {}}]"}}, {"model": "admin.logentry", "pk": 4, "fields": {"action_time": "2025-06-28T05:15:25.855Z", "user": 1, "content_type": 13, "object_id": "4", "object_repr": "Kopiya rangli", "action_flag": 1, "change_message": "[{\"added\": {}}]"}}, {"model": "admin.logentry", "pk": 5, "fields": {"action_time": "2025-06-28T05:16:40.722Z", "user": 1, "content_type": 13, "object_id": "5", "object_repr": "DTM", "action_flag": 1, "change_message": "[{\"added\": {}}]"}}, {"model": "admin.logentry", "pk": 6, "fields": {"action_time": "2025-06-28T05:17:15.186Z", "user": 1, "content_type": 15, "object_id": "1", "object_repr": "Ruchka qalam flamaster", "action_flag": 1, "change_message": "[{\"added\": {}}]"}}, {"model": "admin.logentry", "pk": 7, "fields": {"action_time": "2025-06-28T05:17:21.276Z", "user": 1, "content_type": 15, "object_id": "2", "object_repr": "Daftar", "action_flag": 1, "change_message": "[{\"added\": {}}]"}}, {"model": "admin.logentry", "pk": 8, "fields": {"action_time": "2025-06-28T05:17:29.547Z", "user": 1, "content_type": 15, "object_id": "3", "object_repr": "Papka-fayllar", "action_flag": 1, "change_message": "[{\"added\": {}}]"}}, {"model": "admin.logentry", "pk": 9, "fields": {"action_time": "2025-06-28T05:17:40.601Z", "user": 1, "content_type": 15, "object_id": "4", "object_repr": "Ramkalar", "action_flag": 1, "change_message": "[{\"added\": {}}]"}}, {"model": "admin.logentry", "pk": 10, "fields": {"action_time": "2025-06-28T05:18:12.313Z", "user": 1, "content_type": 15, "object_id": "5", "object_repr": "Kleylar", "action_flag": 1, "change_message": "[{\"added\": {}}]"}}, {"model": "admin.logentry", "pk": 11, "fields": {"action_time": "2025-06-28T05:31:48.981Z", "user": 1, "content_type": 14, "object_id": "1", "object_repr": "Qora ruchka", "action_flag": 1, "change_message": "[{\"added\": {}}]"}}, {"model": "admin.logentry", "pk": 12, "fields": {"action_time": "2025-06-28T05:32:12.925Z", "user": 1, "content_type": 14, "object_id": "2", "object_repr": "Ruchka ko'k", "action_flag": 1, "change_message": "[{\"added\": {}}]"}}, {"model": "admin.logentry", "pk": 13, "fields": {"action_time": "2025-06-28T05:32:38.714Z", "user": 1, "content_type": 14, "object_id": "3", "object_repr": "36 varoq daftar", "action_flag": 1, "change_message": "[{\"added\": {}}]"}}, {"model": "admin.logentry", "pk": 14, "fields": {"action_time": "2025-06-28T05:33:08.764Z", "user": 1, "content_type": 14, "object_id": "4", "object_repr": "36 varoq daftar fan", "action_flag": 1, "change_message": "[{\"added\": {}}]"}}, {"model": "admin.logentry", "pk": 15, "fields": {"action_time": "2025-06-28T05:33:26.779Z", "user": 1, "content_type": 14, "object_id": "5", "object_repr": "12 varoq daftar", "action_flag": 1, "change_message": "[{\"added\": {}}]"}}, {"model": "admin.logentry", "pk": 16, "fields": {"action_time": "2025-06-28T05:33:51.550Z", "user": 1, "content_type": 14, "object_id": "6", "object_repr": "Regitster", "action_flag": 1, "change_message": "[{\"added\": {}}]"}}, {"model": "admin.logentry", "pk": 17, "fields": {"action_time": "2025-06-28T05:34:14.477Z", "user": 1, "content_type": 14, "object_id": "7", "object_repr": "papka", "action_flag": 1, "change_message": "[{\"added\": {}}]"}}, {"model": "admin.logentry", "pk": 18, "fields": {"action_time": "2025-06-28T05:34:57.709Z", "user": 1, "content_type": 14, "object_id": "8", "object_repr": "pva kley", "action_flag": 1, "change_message": "[{\"added\": {}}]"}}, {"model": "admin.logentry", "pk": 19, "fields": {"action_time": "2025-06-28T05:35:26.189Z", "user": 1, "content_type": 14, "object_id": "9", "object_repr": "pamada kley", "action_flag": 1, "change_message": "[{\"added\": {}}]"}}, {"model": "admin.logentry", "pk": 20, "fields": {"action_time": "2025-06-28T05:35:47.429Z", "user": 1, "content_type": 14, "object_id": "10", "object_repr": "a4 qora ramka", "action_flag": 1, "change_message": "[{\"added\": {}}]"}}, {"model": "admin.logentry", "pk": 21, "fields": {"action_time": "2025-06-28T05:36:12.733Z", "user": 1, "content_type": 14, "object_id": "11", "object_repr": "A4 gold ramka", "action_flag": 1, "change_message": "[{\"added\": {}}]"}}, {"model": "admin.logentry", "pk": 22, "fields": {"action_time": "2025-06-28T12:00:48.974Z", "user": 1, "content_type": 11, "object_id": "1", "object_repr": "DailyBudget object (1)", "action_flag": 3, "change_message": ""}}, {"model": "admin.logentry", "pk": 23, "fields": {"action_time": "2025-06-28T12:01:01.760Z", "user": 1, "content_type": 8, "object_id": "1", "object_repr": "CompanyDailyBudget object (1)", "action_flag": 3, "change_message": ""}}, {"model": "admin.logentry", "pk": 24, "fields": {"action_time": "2025-06-28T12:01:12.652Z", "user": 1, "content_type": 9, "object_id": "1", "object_repr": "CompanyMonthlyBudget object (1)", "action_flag": 3, "change_message": ""}}, {"model": "admin.logentry", "pk": 25, "fields": {"action_time": "2025-06-28T12:01:25.554Z", "user": 1, "content_type": 12, "object_id": "2", "object_repr": "Expenses object (2)", "action_flag": 3, "change_message": ""}}, {"model": "admin.logentry", "pk": 26, "fields": {"action_time": "2025-06-28T12:01:25.572Z", "user": 1, "content_type": 12, "object_id": "1", "object_repr": "Expenses object (1)", "action_flag": 3, "change_message": ""}}, {"model": "admin.logentry", "pk": 27, "fields": {"action_time": "2025-06-28T12:01:46.627Z", "user": 1, "content_type": 17, "object_id": "1", "object_repr": "StationaryIncome object (1)", "action_flag": 3, "change_message": ""}}, {"model": "admin.logentry", "pk": 28, "fields": {"action_time": "2025-06-28T12:02:11.359Z", "user": 1, "content_type": 8, "object_id": "2", "object_repr": "CompanyDailyBudget object (2)", "action_flag": 3, "change_message": ""}}, {"model": "admin.logentry", "pk": 29, "fields": {"action_time": "2025-06-28T12:02:20.174Z", "user": 1, "content_type": 9, "object_id": "2", "object_repr": "CompanyMonthlyBudget object (2)", "action_flag": 3, "change_message": ""}}, {"model": "sessions.session", "pk": "iyd8uhi6477z6inqcxgdr2k7nd6socff", "fields": {"session_data": ".eJxVjMsOwiAQRf-FtSEwFBhcuvcbyDBMbdXQpI-V8d-1SRe6veec-1KZtnXI2yJzHqs6K6tOv1shfkjbQb1Tu02ap7bOY9G7og-66OtU5Xk53L-DgZbhW5NBjtgXcS6hMEFkALAYTeDixDtJnmpHpocajCcIxGihdBZTCrZT7w_k-zdq:1unfKu:gJdheevYfzhhL_PtNs8h02XdUakKPWRtv7igL0TdCnc", "expire_date": "2025-08-31T15:30:20.951Z"}}, {"model": "sessions.session", "pk": "nk2jaxcr7wd8pnrd3lucacqur4vwn2ty", "fields": {"session_data": ".eJxVjMsOwiAQRf-FtSEwFBhcuvcbyDBMbdXQpI-V8d-1SRe6veec-1KZtnXI2yJzHqs6K6tOv1shfkjbQb1Tu02ap7bOY9G7og-66OtU5Xk53L-DgZbhW5NBjtgXcS6hMEFkALAYTeDixDtJnmpHpocajCcIxGihdBZTCrZT7w_k-zdq:1unqJR:OyobewiDCU3i-vjqvxdx_XpKvf6Oqjhv1r6ntI3Bx2M", "expire_date": "2025-09-01T03:13:33.092Z"}}, {"model": "sessions.session", "pk": "udx5qtyrmq1z9p9aromf9bo3ksw9xnx3", "fields": {"session_data": ".eJxVjMsOwiAQRf-FtSEwFBhcuvcbyDBMbdXQpI-V8d-1SRe6veec-1KZtnXI2yJzHqs6K6tOv1shfkjbQb1Tu02ap7bOY9G7og-66OtU5Xk53L-DgZbhW5NBjtgXcS6hMEFkALAYTeDixDtJnmpHpocajCcIxGihdBZTCrZT7w_k-zdq:1uiTpK:Ks6_VMd0Q3UtpmWidpTb5V6QMGIAT9-UhmhXfJZ4knw", "expire_date": "2025-08-17T08:12:18.711Z"}}, {"model": "sessions.session", "pk": "xjebdlraw9nxlfd8r6gyp6ggc45f2rmq", "fields": {"session_data": ".eJxVjMsOwiAQRf-FtSEwFBhcuvcbyDBMbdXQpI-V8d-1SRe6veec-1KZtnXI2yJzHqs6K6tOv1shfkjbQb1Tu02ap7bOY9G7og-66OtU5Xk53L-DgZbhW5NBjtgXcS6hMEFkALAYTeDixDtJnmpHpocajCcIxGihdBZTCrZT7w_k-zdq:1uVOJA:eYbt00OnnzAVkeXGPdebQe8iIotXlMJQPeUmT9nbEKU", "expire_date": "2025-07-12T05:41:00.907Z"}}, {"model": "staff.staff", "pk": 1, "fields": {"password": "pbkdf2_sha256$720000$0CvmaaW0UIovYBzS660bA6$GO1zDb7Ms7wDt+Sw33hLMcO4ekAXR5FOLBTmpiOHSaI=", "last_login": "2026-01-18T13:22:05.259Z", "is_superuser": true, "username": "admin", "first_name": "", "last_name": "", "email": "", "is_staff": true, "is_active": true, "date_joined": "2025-06-28T05:13:12.230Z", "age": null, "groups": [], "user_permissions": []}}, {"model": "staff.staff", "pk": 2, "fields": {"password": "pbkdf2_sha256$720000$xL8Fg6QH976q9jZdrOuBnX$M+SGc+wcWyV5HwA3i5+rpH7tBcRehsMHLNhyA97RuKI=", "last_login": "2026-01-18T13:20:05.382Z", "is_superuser": false, "username": "abror", "first_name": "", "last_name": "", "email": "", "is_staff": false, "is_active": true, "date_joined": "2025-06-28T05:36:42.673Z", "age": null, "groups": [], "user_permissions": []}}, {"model": "service.services", "pk": 1, "fields": {"name": "Resume", "price": 15000}}, {"model": "service.services", "pk": 2, "fields": {"name": "3x4 photo", "price": 5000}}, {"model": "service.services", "pk": 3, "fields": {"name": "Kopiya oq qora", "price": 1000}}, {"model": "service.services", "pk": 4, "fields": {"name": "Kopiya rangli", "price": 1500}}, {"model": "service.services", "pk": 5, "fields": {"name": "DTM", "price": 15000}}, {"model": "service.activity", "pk": 3, "fields": {"staff": 2, "service": 1, "service_count": 1, "time": "2025-06-28T12:03:28.861Z", "price": 15000, "comment": null, "total_price": 15000}}, {"model": "service.activity", "pk": 4, "fields": {"staff": 2, "service": 3, "service_count": 1, "time": "2025-06-28T12:03:33.098Z", "price": 1000, "comment": null, "total_price": 1000}}, {"model": "service.activity", "pk": 5, "fields": {"staff": 2, "service": 4, "service_count": 4, "time": "2025-06-28T12:03:42.381Z", "price": 1500, "comment": null, "total_price": 6000}}, {"model": "service.activity", "pk": 6, "fields": {"staff": 1, "service": 1, "service_count": 1, "time": "2025-08-03T08:12:50.532Z", "price": 15000, "comment": null, "total_price": 15000}}, {"model": "service.activity", "pk": 7, "fields": {"staff": 1, "service": 2, "service_count": 1, "time": "2025-08-03T08:12:53.220Z", "price": 5000, "comment": null, "total_price": 5000}}, {"model": "service.activity", "pk": 8, "fields": {"staff": 2, "service": 1, "service_count": 1, "time": "2025-08-17T14:45:45.689Z", "price": 15000, "comment": null, "total_price": 15000}}, {"model": "service.activity", "pk": 9, "fields": {"staff": 2, "service": 2, "service_count": 2, "time": "2025-08-17T14:45:50.390Z", "price": 5000, "comment": null, "total_price": 10000}}, {"model": "service.activity", "pk": 10, "fields": {"staff": 2, "service": 3, "service_count": 10, "time": "2025-08-17T14:45:55.434Z", "price": 1000, "comment": null, "total_price": 10000}}, {"model": "service.activity", "pk": 11, "fields": {"staff": 2, "service": 3, "service_count": 3, "time": "2025-08-18T03:11:36.593Z", "price": 1000, "comment": null, "total_price": 3000}}, {"model": "service.activity", "pk": 12, "fields": {"staff": 2, "service": 2, "service_count": 2, "time": "2025-08-18T03:11:42.938Z", "price": 5000, "comment": null, "total_price": 10000}}, {"model": "service.activity", "pk": 13, "fields": {"staff": 2, "service": 5, "service_count": 1, "time": "2025-08-18T03:11:48.572Z", "price": 15000, "comment": null, "total_price": 15000}}, {"model": "service.activity", "pk": 14, "fields": {"staff": 2, "service": 1, "service_count": 1, "time": "2025-08-18T03:11:52.028Z", "price": 15000, "comment": null, "total_price": 15000}}, {"model": "service.activity", "pk": 15, "fields": {"staff": 2, "service": 1, "service_count": 1, "time": "2026-01-11T20:21:20.227Z", "price": 15000, "comment": null, "total_price": 15000}}, {"model": "service.activity", "pk": 16, "fields": {"staff": 2, "service": 2, "service_count": 1, "time": "2026-01-11T20:21:22.113Z", "price": 5000, "comment": null, "total_price": 5000}}, {"model": "service.activity", "pk": 17, "fields": {"staff": 2, "service": 3, "service_count": 1, "time": "2026-01-11T20:21:24.013Z", "price": 1000, "comment": null, "total_price": 1000}}, {"model": "service.activity", "pk": 18, "fields": {"staff": 2, "service": 2, "service_count": 3, "time": "2026-01-18T13:20:52.582Z", "price": 51000, "comment": null, "total_price": 153000}}, {"model": "service.customactivity", "pk": 2, "fields": {"staff": 2, "service": "Ariza", "service_count": 1, "time": "2025-08-17T14:46:28.295Z", "price": 100000, "comment": "Rossiyaga", "total_price": 100000}}, {"model": "service.expenses", "pk": 3, "fields": {"staff": 2, "item": "morojennoe", "item_count": 10000, "time": "2025-06-28T12:04:44.889Z", "price": 1, "comment": null, "total_price": 10000}}, {"model": "service.expenses", "pk": 4, "fields": {"staff": 2, "item": "taksi", "item_count": 1, "time": "2025-06-28T12:08:37.697Z", "price": 5000, "comment": "Obedni olib kelgan taksi uchun", "total_price": 5000}}, {"model": "service.expenses", "pk": 5, "fields": {"staff": 1, "item": "obed", "item_count": 1, "time": "2025-08-03T08:13:33.875Z", "price": 20000, "comment": null, "total_price": 20000}}, {"model": "service.expenses", "pk": 6, "fields": {"staff": 2, "item": "Obedga somsa", "item_count": 3, "time": "2025-08-17T14:47:58.548Z", "price": 5000, "comment": "3 ta kartoshka somsa oldim", "total_price": 15000}}, {"model": "service.expenses", "pk": 7, "fields": {"staff": 2, "item": "Zavtrak", "item_count": 1, "time": "2025-08-18T03:12:53.704Z", "price": 25000, "comment": "Zavtrak qilmagandim somsa oldim.", "total_price": 25000}}, {"model": "service.expenses", "pk": 8, "fields": {"staff": 2, "item": "obed", "item_count": 1, "time": "2026-01-11T20:21:58.032Z", "price": 12000, "comment": "somsa", "total_price": 12000}}, {"model": "service.expenses", "pk": 9, "fields": {"staff": 2, "item": "obed", "item_count": 1, "time": "2026-01-18T13:21:13.496Z", "price": 30000, "comment": null, "total_price": 30000}}, {"model": "service.dailybudget", "pk": 2, "fields": {"staff": 2, "date": "2025-06-28", "minus": 0, "comment_minus": null, "plus": 0, "comment_plus": null, "total_budget": 7000}}, {"model": "service.dailybudget", "pk": 3, "fields": {"staff": 1, "date": "2025-08-03", "minus": 0, "comment_minus": null, "plus": 0, "comment_plus": null, "total_budget": 0}}, {"model": "service.dailybudget", "pk": 4, "fields": {"staff": 2, "date": "2025-08-17", "minus": 0, "comment_minus": null, "plus": 0, "comment_plus": null, "total_budget": 120000}}, {"model": "service.dailybudget", "pk": 5, "fields": {"staff": 2, "date": "2025-08-18", "minus": 0, "comment_minus": null, "plus": 0, "comment_plus": null, "total_budget": 18000}}, {"model": "service.dailybudget", "pk": 6, "fields": {"staff": 2, "date": "2026-01-12", "minus": 0, "comment_minus": null, "plus": 0, "comment_plus": null, "total_budget": 9000}}, {"model": "service.dailybudget", "pk": 7, "fields": {"staff": 2, "date": "2026-01-18", "minus": 0, "comment_minus": null, "plus": 0, "comment_plus": null, "total_budget": 123000}}, {"model": "service.companydailybudget", "pk": 3, "fields": {"day": "2025-06-28", "budget": 72000}}, {"model": "service.companydailybudget", "pk": 4, "fields": {"day": "2025-08-03", "budget": 10000}}, {"model": "service.companydailybudget", "pk": 5, "fields": {"day": "2025-08-17", "budget": 174000}}, {"model": "service.companydailybudget", "pk": 6, "fields": {"day": "2025-08-18", "budget": 41000}}, {"model": "service.companydailybudget", "pk": 7, "fields": {"day": "2026-01-12", "budget": 11000}}, {"model": "service.companydailybudget", "pk": 8, "fields": {"day": "2026-01-18", "budget": 133000}}, {"model": "service.companymonthlybudget", "pk": 3, "fields": {"year": 2025, "month": 6, "budget": 72000}}, {"model": "service.companymonthlybudget", "pk": 4, "fields": {"year": 2025, "month": 8, "budget": 225000}}, {"model": "service.companymonthlybudget", "pk": 5, "fields": {"year": 2026, "month": 1, "budget": 144000}}, {"model": "stationaries.stationarycategories", "pk": 1, "fields": {"name": "Ruchka qalam flamaster"}}, {"model": "stationaries.stationarycategories", "pk": 2, "fields": {"name": "Daftar"}}, {"model": "stationaries.stationarycategories", "pk": 3, "fields": {"name": "Papka-fayllar"}}, {"model": "stationaries.stationarycategories", "pk": 4, "fields": {"name": "Ramkalar"}}, {"model": "stationaries.stationarycategories", "pk": 5, "fields": {"name": "Kleylar"}}, {"model": "stationaries.stationaries", "pk": 1, "fields": {"category": 1, "name": "Qora ruchka", "image": "stationaries/ruchka_qora_rezin.jpg", "price": 2000}}, {"model": "stationaries.stationaries", "pk": 2, "fields": {"category": 1, "name": "Ruchka ko'k", "image": "stationaries/ruchka_kok.jpg", "price": 2000}}, {"model": "stationaries.stationaries", "pk": 3, "fields": {"category": 2, "name": "36 varoq daftar", "image": "stationaries/dafatar_36varoq.jpg", "price": 2000}}, {"model": "stationaries.stationaries", "pk": 4, "fields": {"category": 2, "name": "36 varoq daftar fan", "image": "stationaries/daftar_36_varoq_ingliz.jpg", "price": 3000}}, {"model": "stationaries.stationaries", "pk": 5, "fields": {"category": 2, "name": "12 varoq daftar", "image": "stationaries/daftar_12varoq.jpeg", "price": 1000}}, {"model": "stationaries.stationaries", "pk": 6, "fields": {"category": 3, "name": "Regitster", "image": "stationaries/register_qora.jpg", "price": 20000}}, {"model": "stationaries.stationaries", "pk": 7, "fields": {"category": 3, "name": "papka", "image": "stationaries/papka.jpg", "price": 10000}}, {"model": "stationaries.stationaries", "pk": 8, "fields": {"category": 5, "name": "pva kley", "image": "stationaries/pva_kley.jpg", "price": 5000}}, {"model": "stationaries.stationaries", "pk": 9, "fields": {"category": 5, "name": "pamada kley", "image": "stationaries/pamada_kley.jpg", "price": 3000}}, {"model": "stationaries.stationaries", "pk": 10, "fields": {"category": 4, "name": "a4 qora ramka", "image": "stationaries/ramka_a4_qora.jpg", "price": 18000}}, {"model": "stationaries.stationaries", "pk": 11, "fields": {"category": 4, "name": "A4 gold ramka", "image": "stationaries/ramka_a4_gold.jpg", "price": 18000}}, {"model": "stationaries.stationaryactivity", "pk": 2, "fields": {"staff": 2, "stationary": 6, "stationary_count": 3, "time_sold": "2025-06-28T12:03:57.181Z", "price": 20000, "total_price": 60000, "comment": "True"}}, {"model": "stationaries.stationaryactivity", "pk": 3, "fields": {"staff": 2, "stationary": 9, "stationary_count": 1, "time_sold": "2025-06-28T12:04:02.524Z", "price": 3000, "total_price": 3000, "comment": "True"}}, {"model": "stationaries.stationaryactivity", "pk": 4, "fields": {"staff": 2, "stationary": 3, "stationary_count": 1, "time_sold": "2025-06-28T12:04:06.306Z", "price": 2000, "total_price": 2000, "comment": "True"}}, {"model": "stationaries.stationaryactivity", "pk": 5, "fields": {"staff": 1, "stationary": 7, "stationary_count": 1, "time_sold": "2025-08-03T08:13:02.024Z", "price": 10000, "total_price": 10000, "comment": "True"}}, {"model": "stationaries.stationaryactivity", "pk": 6, "fields": {"staff": 2, "stationary": 6, "stationary_count": 3, "time_sold": "2025-08-17T14:47:10.941Z", "price": 18000, "total_price": 54000, "comment": "Tanish bo'lgani uchun arzon qildim"}}, {"model": "stationaries.stationaryactivity", "pk": 7, "fields": {"staff": 2, "stationary": 8, "stationary_count": 1, "time_sold": "2025-08-18T03:12:00.876Z", "price": 5000, "total_price": 5000, "comment": "True"}}, {"model": "stationaries.stationaryactivity", "pk": 8, "fields": {"staff": 2, "stationary": 11, "stationary_count": 1, "time_sold": "2025-08-18T03:12:20.302Z", "price": 18000, "total_price": 18000, "comment": "True"}}, {"model": "stationaries.stationaryactivity", "pk": 9, "fields": {"staff": 2, "stationary": 1, "stationary_count": 1, "time_sold": "2026-01-11T20:22:10.415Z", "price": 2000, "total_price": 2000, "comment": "True"}}, {"model": "stationaries.stationaryactivity", "pk": 10, "fields": {"staff": 2, "stationary": 7, "stationary_count": 1, "time_sold": "2026-01-18T13:21:43.100Z", "price": 10000, "total_price": 10000, "comment": "True"}}, {"model": "stationaries.stationaryincome", "pk": 2, "fields": {"staff": 2, "date": "2025-06-28", "minus": 0, "comment_minus": null, "plus": 0, "comment_plus": null, "total_budget": 65000}}, {"model": "stationaries.stationaryincome", "pk": 3, "fields": {"staff": 1, "date": "2025-08-03", "minus": 0, "comment_minus": null, "plus": 0, "comment_plus": null, "total_budget": 10000}}, {"model": "stationaries.stationaryincome", "pk": 4, "fields": {"staff": 2, "date": "2025-08-17", "minus": 0, "comment_minus": null, "plus": 0, "comment_plus": null, "total_budget": 54000}}, {"model": "stationaries.stationaryincome", "pk": 5, "fields": {"staff": 2, "date": "2025-08-18", "minus": 0, "comment_minus": null, "plus": 0, "comment_plus": null, "total_budget": 23000}}, {"model": "stationaries.stationaryincome", "pk": 6, "fields": {"staff": 2, "date": "2026-01-12", "minus": 0, "comment_minus": null, "plus": 0, "comment_plus": null, "total_budget": 2000}}, {"model": "stationaries.stationaryincome", "pk": 7, "fields": {"staff": 2, "date": "2026-01-18", "minus": 0, "comment_minus": null, "plus": 0, "comment_plus": null, "total_budget": 10000}}]